{
  "Component-dbg.js": 1603070534000,
  "Component.js": 1603070534000,
  "model/models.js": 1603070534000,
  "controller/fianl1List.controller.js": 1603070534000,
  "manifest.json": 1603098871935,
  "manifest-bundle.zip": 1603098871708,
  "Component-preload.js": 1603098871908,
  "controller/fianl1List-dbg.controller.js": 1603070534000,
  "model/models-dbg.js": 1603070534000,
  "i18n/i18n.properties": 1603070534000,
  "resources.json": 1603098871938,
  "view/fianl1List.view.xml": 1603072467000,
  "css/style.css": 1603070534000,
  "index.html": 1603070534000
}